run_id,seed,label_horizon_20
ant_colony_seed_0,0,0
ant_colony_seed_1,1,0
ant_colony_seed_2,2,0
ant_colony_seed_3,3,0
ant_colony_seed_4,4,0
ant_colony_seed_5,5,0
ant_colony_seed_6,6,0
ant_colony_seed_7,7,0
ant_colony_seed_8,8,0
ant_colony_seed_9,9,0
ant_colony_seed_10,10,0
ant_colony_seed_11,11,0
ant_colony_seed_12,12,0
ant_colony_seed_13,13,0
ant_colony_seed_14,14,0
ant_colony_seed_15,15,0
ant_colony_seed_16,16,0
ant_colony_seed_17,17,0
ant_colony_seed_18,18,0
ant_colony_seed_19,19,0
ant_colony_seed_20,20,0
ant_colony_seed_21,21,0
ant_colony_seed_22,22,0
ant_colony_seed_23,23,0
ant_colony_seed_24,24,0
ant_colony_seed_25,25,0
ant_colony_seed_26,26,0
ant_colony_seed_27,27,0
ant_colony_seed_28,28,0
ant_colony_seed_29,29,0
ant_colony_seed_30,30,0
ant_colony_seed_31,31,0
ant_colony_seed_32,32,0
ant_colony_seed_33,33,0
ant_colony_seed_34,34,0
ant_colony_seed_35,35,0
ant_colony_seed_36,36,0
ant_colony_seed_37,37,0
ant_colony_seed_38,38,0
ant_colony_seed_39,39,0
ant_colony_seed_40,40,0
ant_colony_seed_41,41,0
ant_colony_seed_42,42,0
ant_colony_seed_43,43,0
ant_colony_seed_44,44,0
ant_colony_seed_45,45,0
ant_colony_seed_46,46,0
ant_colony_seed_47,47,0
ant_colony_seed_48,48,0
ant_colony_seed_49,49,0
